{"stats":{"minecraft:custom":{"minecraft:sprint_one_cm":4562,"minecraft:time_since_rest":107,"minecraft:walk_one_cm":56865,"minecraft:total_world_time":113951,"minecraft:leave_game":3,"minecraft:fly_one_cm":2590722,"minecraft:crouch_one_cm":668,"minecraft:sneak_time":4217,"minecraft:play_time":101614,"minecraft:deaths":1,"minecraft:jump":70,"minecraft:time_since_death":76},"minecraft:used":{"minecraft:grass_block":1,"minecraft:magenta_stained_glass":43,"minecraft:pearlescent_froglight":73,"minecraft:pale_oak_sign":23,"minecraft:glow_ink_sac":10,"minecraft:black_concrete":8,"minecraft:stripped_crimson_hyphae":11,"minecraft:purple_concrete":1,"minecraft:crimson_planks":41,"minecraft:amethyst_block":3,"minecraft:red_dye":2,"minecraft:purple_terracotta":134,"minecraft:command_block":1,"minecraft:gray_concrete":1}},"DataVersion":4556}