{"stats":{"minecraft:custom":{"minecraft:sprint_one_cm":29134,"minecraft:time_since_rest":166,"minecraft:walk_one_cm":120939,"minecraft:total_world_time":311103,"minecraft:leave_game":9,"minecraft:fly_one_cm":13325607,"minecraft:crouch_one_cm":1407,"minecraft:sneak_time":9950,"minecraft:play_time":290310,"minecraft:deaths":7,"minecraft:jump":264,"minecraft:time_since_death":142},"minecraft:used":{"minecraft:grass_block":1,"minecraft:magenta_stained_glass":333,"minecraft:pearlescent_froglight":116,"minecraft:pale_oak_sign":23,"minecraft:glow_ink_sac":10,"minecraft:stone":25,"minecraft:black_concrete":8,"minecraft:stripped_crimson_hyphae":37,"minecraft:purple_concrete":1,"minecraft:crimson_planks":115,"minecraft:amethyst_block":3,"minecraft:red_dye":2,"minecraft:purple_terracotta":389,"minecraft:command_block":1,"minecraft:gray_concrete":1}},"DataVersion":4556}