{"stats":{"minecraft:custom":{"minecraft:sprint_one_cm":7792,"minecraft:time_since_rest":1092,"minecraft:walk_one_cm":70927,"minecraft:total_world_time":157516,"minecraft:leave_game":6,"minecraft:fly_one_cm":4592690,"minecraft:crouch_one_cm":668,"minecraft:sneak_time":5675,"minecraft:play_time":144951,"minecraft:deaths":3,"minecraft:jump":157,"minecraft:time_since_death":1057},"minecraft:used":{"minecraft:grass_block":1,"minecraft:magenta_stained_glass":152,"minecraft:pearlescent_froglight":83,"minecraft:pale_oak_sign":23,"minecraft:glow_ink_sac":10,"minecraft:stone":23,"minecraft:black_concrete":8,"minecraft:stripped_crimson_hyphae":13,"minecraft:purple_concrete":1,"minecraft:crimson_planks":41,"minecraft:amethyst_block":3,"minecraft:red_dye":2,"minecraft:purple_terracotta":273,"minecraft:command_block":1,"minecraft:gray_concrete":1}},"DataVersion":4556}