{"stats":{"minecraft:custom":{"minecraft:sprint_one_cm":19557,"minecraft:time_since_rest":164,"minecraft:walk_one_cm":85147,"minecraft:total_world_time":262091,"minecraft:leave_game":8,"minecraft:fly_one_cm":10382153,"minecraft:crouch_one_cm":1278,"minecraft:sneak_time":8918,"minecraft:play_time":243921,"minecraft:deaths":6,"minecraft:jump":192,"minecraft:time_since_death":142},"minecraft:used":{"minecraft:grass_block":1,"minecraft:magenta_stained_glass":250,"minecraft:pearlescent_froglight":101,"minecraft:pale_oak_sign":23,"minecraft:glow_ink_sac":10,"minecraft:stone":25,"minecraft:black_concrete":8,"minecraft:stripped_crimson_hyphae":21,"minecraft:purple_concrete":1,"minecraft:crimson_planks":106,"minecraft:amethyst_block":3,"minecraft:red_dye":2,"minecraft:purple_terracotta":359,"minecraft:command_block":1,"minecraft:gray_concrete":1}},"DataVersion":4556}